<?xml version="1.0" encoding="UTF-8"?>
<project-private xmlns="http://www.netbeans.org/ns/project-private/1">
    <editor-bookmarks xmlns="http://www.netbeans.org/ns/editor-bookmarks/2" lastBookmarkId="0"/>
    <open-files xmlns="http://www.netbeans.org/ns/projectui-open-files/2">
        <group>
            <file>file:/C:/Users/jaido/OneDrive/Documents/NetBeansProjects/ProgTakeHomeTestQ2/src/progtakehometestq2/ProgTakeHomeTestQ2.java</file>
            <file>file:/C:/Users/jaido/OneDrive/Documents/NetBeansProjects/ProgTakeHomeTestQ2/src/progtakehometestq2/EstateAgentSales.java</file>
            <file>file:/C:/Users/jaido/OneDrive/Documents/NetBeansProjects/ProgTakeHomeTestQ2/src/progtakehometestq2/EstateAgent.java</file>
            <file>file:/C:/Users/jaido/OneDrive/Documents/NetBeansProjects/ProgTakeHomeTestQ2/src/progtakehometestq2/iEstateAgent.java</file>
        </group>
    </open-files>
</project-private>
